"","address"
"1","701 S Michigan Ave, Chicago, IL 60605, USA"
"2","82430 Lakefront Trail, Chicago, IL 60605, USA"
"3","Lakefront Trail, Chicago, IL 60605, USA"
"4","606-648 S State St, Chicago, IL 60605, USA"
"5","Dock E, Chicago, IL 60601, USA"
"6","360 East South Water Street, Chicago, IL 60601, USA"
"7","3574 S Archer Ave, Chicago, IL 60609, USA"
"8","7020-7054 S Jeffery Ave, Chicago, IL 60649, USA"
"9","Lakefront Trail, Chicago, IL 60649, USA"
"10","2770-2798 N Wilton Ave, Chicago, IL 60614, USA"
"11","962 W 18th St, Chicago, IL 60608, USA"
"12","1722 S Racine Ave, Chicago, IL 60608, USA"
"13","1537-1599 N Paulina St, Chicago, IL 60622, USA"
"14","1806 W Division St, Chicago, IL 60622, USA"
"15","400-402 W Washington St, Chicago, IL 60606, USA"
"16","1352 W Taylor St, Chicago, IL 60607, USA"
"17","1570-1598 N Sheffield Ave, Chicago, IL 60614, USA"
"18","1101 W Jackson Blvd, Chicago, IL 60607, USA"
"19","1134 W Taylor St, Chicago, IL 60607, USA"
"20","1130 N Orleans St, Chicago, IL 60610, USA"
"21","200-298 E Grand Ave, Chicago, IL 60611, USA"
"22","146-160 E Pearson St, Chicago, IL 60611, USA"
"23","401 E Illinois St, Chicago, IL 60611, USA"
"24","1532-1546 N Larrabee St, Chicago, IL 60610, USA"
"25","590 W Menomonee St, Chicago, IL 60614, USA"
"26","1016 N Noble St, Chicago, IL 60642, USA"
"27","1611 W Augusta Blvd, Chicago, IL 60612, USA"
"28","801-803 N Franklin St, Chicago, IL 60654, USA"
"29","550 S Racine Ave, Chicago, IL 60607, USA"
"30","350 S State St, Chicago, IL 60604, USA"
"31","2430 N Cannon Dr, Chicago, IL 60614, USA"
"32","532-598 E Ohio St, Chicago, IL 60611, USA"
"33","311 South Wacker Drive, Chicago, IL 60606, USA"
"34","47-105 W Adams St, Chicago, IL 60603, USA"
"35","201 N Clark St, Chicago, IL 60601, USA"
"36","45-63 E Adams St, Chicago, IL 60603, USA"
"37","137 W Adams St, Chicago, IL 60603, USA"
"38","61 W Polk St, Chicago, IL 60605, USA"
"39","2201 S State St, Chicago, IL 60616, USA"
"40","104 Chicago Pedway System, Chicago, IL 60604, USA"
"41","Joffrey Tower, Chicago, IL 60601, USA"
"42","418 S Michigan Ave, Chicago, IL 60605, USA"
"43","932 N Wells St, Chicago, IL 60610, USA"
"44","1-99 Kinzie Street, Chicago, IL 60611, USA"
"45","841 N Larrabee St, Chicago, IL 60610, USA"
"46","52-76 S Dearborn St, Chicago, IL 60603, USA"
"47","461-499 S Clark St, Chicago, IL 60605, USA"
"48","100-132 W Randolph St, Chicago, IL 60601, USA"
"49","201 N Michigan Ave, Chicago, IL 60601, USA"
"50","209 W Huron St, Chicago, IL 60654, USA"
"51","1040 W Chicago Ave, Chicago, IL 60642, USA"
"52","850-898 W Roosevelt Rd, Chicago, IL 60608, USA"
"53","382 N Desplaines St, Chicago, IL 60661, USA"
"54","555 W Roosevelt Rd, Chicago, IL 60607, USA"
"55","N Paulina St & I-94 & I-90, Chicago, IL 60622, USA"
"56","1200 S Wabash Ave, Chicago, IL 60605, USA"
"57","1545-1599 N Dayton St, Chicago, IL 60642, USA"
"58","1422 N Wood St, Chicago, IL 60622, USA"
"59","2111-2211 S Martin Luther King Dr, Chicago, IL 60616, USA"
"60","543-567 W Lake St, Chicago, IL 60661, USA"
"61","2400 N Sheffield Ave, Chicago, IL 60614, USA"
"62","520 W Tilden St, Chicago, IL 60607, USA"
"63","2002 W Pierce Ave, Chicago, IL 60622, USA"
"64","1003 W Lake St, Chicago, IL 60607, USA"
"65","1572-1598 S Wabash Ave, Chicago, IL 60605, USA"
"66","100 S Jefferson St, Chicago, IL 60661, USA"
"67","501-531 W Erie St, Chicago, IL 60654, USA"
"68","251-287 S Clinton St, Chicago, IL 60661, USA"
"69","402 E Monroe St, Chicago, IL 60601, USA"
"70","1-99 N Clinton St, Chicago, IL 60661, USA"
"71","1100-1130 W Monroe St, Chicago, IL 60607, USA"
"72","124-148 N Dearborn St, Chicago, IL 60601, USA"
"73","518 N Milwaukee Ave, Chicago, IL 60642, USA"
"74","140 E Oak St, Chicago, IL 60611, USA"
"75","1330 W Chicago Ave, Chicago, IL 60642, USA"
"76","2401-2415 N Racine Ave, Chicago, IL 60614, USA"
"77","1201-1225 W Randolph St, Chicago, IL 60607, USA"
"78","528 S Financial Pl, Chicago, IL 60607, USA"
"79","63-99 S Michigan Ave, Chicago, IL 60601, USA"
"80","101 N Clinton St, Chicago, IL 60661, USA"
"81","701-721 N Carpenter St, Chicago, IL 60642, USA"
"82","941-953 W Willow St, Chicago, IL 60614, USA"
"83","301-311 W Armitage Ave, Chicago, IL 60614, USA"
"84","1577-1599 E 64th St, Chicago, IL 60637, USA"
"85","646 W Randolph St, Chicago, IL 60661, USA"
"86","427-441 E McFetridge Dr, Chicago, IL 60605, USA"
"87","40 North LaSalle Street, Chicago, IL 60602, USA"
"88","N Lake Shore Dr & US-41 & E Grand Ave, Chicago, IL 60611, USA"
"89","25 N Orleans St, Chicago, IL 60654, USA"
"90","1989-1999 E Hayes Dr, Chicago, IL 60649, USA"
"91","1625 E 67th St, Chicago, IL 60649, USA"
"92","810-864 S Clinton St, Chicago, IL 60607, USA"
"93","21 W Pearson St, Chicago, IL 60610, USA"
"94","237 S Desplaines St, Chicago, IL 60661, USA"
"95","753-799 W Polk St, Chicago, IL 60607, USA"
"96","504 N Peoria St, Chicago, IL 60642, USA"
"97","25 W Erie St, Chicago, IL 60654, USA"
"98","661-699 N Sedgwick St, Chicago, IL 60654, USA"
"99","108 N Green St, Chicago, IL 60607, USA"
"100","2010 N Bissell St, Chicago, IL 60614, USA"
"101","3706 N Sheffield Ave, Chicago, IL 60613, USA"
"102","911-927 W Wellington Ave, Chicago, IL 60657, USA"
"103","1870 N Winnebago Ave, Chicago, IL 60647, USA"
"104","3206 N Wilton Ave, Chicago, IL 60657, USA"
"105","1614 N Sedgwick St, Chicago, IL 60614, USA"
"106","216 N Ashland Ave, Chicago, IL 60607, USA"
"107","2134-2180 S Wentworth Ave, Chicago, IL 60616, USA"
"108","5033-5099 S Blackstone Ave, Chicago, IL 60615, USA"
"109","1881-1899 W Congress Pkwy, Chicago, IL 60612, USA"
"110","2300 N Milwaukee Ave, Chicago, IL 60647, USA"
"111","1934 W Cullerton St, Chicago, IL 60608, USA"
"112","Plaza 440, Chicago, IL 60611, USA"
"113","1601 N Clark St, Chicago, IL 60614, USA"
"114","2415 N Lincoln Ave, Chicago, IL 60614, USA"
"115","2001 W Chicago Ave, Chicago, IL 60622, USA"
"116","1806 S Blue Island Ave, Chicago, IL 60608, USA"
"117","1950 W Division St, Chicago, IL 60622, USA"
"118","3186-3198 N Lincoln Ave, Chicago, IL 60657, USA"
"119","268 W 24th St, Chicago, IL 60616, USA"
"120","400-408 W Kinzie St, Chicago, IL 60654, USA"
"121","306 S Peoria St, Chicago, IL 60607, USA"
"122","2110 S Halsted St, Chicago, IL 60608, USA"
"123","1223 S Racine Ave, Chicago, IL 60608, USA"
"124","1000-1014 W 14th Pl, Chicago, IL 60608, USA"
"125","1229 N Clybourn Ave, Chicago, IL 60610, USA"
"126","872-892 N Dearborn St, Chicago, IL 60610, USA"
"127","1801-1823 N Lincoln Ave, Chicago, IL 60614, USA"
"128","364 W Erie St, Chicago, IL 60654, USA"
"129","2201-2227 N Sedgwick St, Chicago, IL 60614, USA"
"130","601-633 W Webster Ave, Chicago, IL 60614, USA"
"131","856-898 N Mies Van Der Rohe Way, Chicago, IL 60611, USA"
"132","1400 W Jackson Blvd, Chicago, IL 60607, USA"
"133","100-198 E 26th St, Chicago, IL 60616, USA"
"134","14-32 E 33rd St, Chicago, IL 60616, USA"
"135","3255 S Calumet Ave, Chicago, IL 60616, USA"
"136","675 E 31st St, Chicago, IL 60616, USA"
"137","2739-2799 N Racine Ave, Chicago, IL 60614, USA"
"138","2937-2999 N Southport Ave, Chicago, IL 60657, USA"
"139","3151-3153 N Southport Ave, Chicago, IL 60657, USA"
"140","718 W Wellington Ave, Chicago, IL 60657, USA"
"141","3001-3039 N Lake Shore Dr, Chicago, IL 60657, USA"
"142","2101 W Wabansia Ave, Chicago, IL 60647, USA"
"143","1431-1481 N Claremont Ave, Chicago, IL 60622, USA"
"144","1601-1613 N Campbell Ave, Chicago, IL 60647, USA"
"145","48-98 E Superior St, Chicago, IL 60611, USA"
"146","2001-2013 W Wellington Ave, Chicago, IL 60618, USA"
"147","2782 N Clybourn Ave, Chicago, IL 60614, USA"
"148","204-248 N Franklin St, Chicago, IL 60606, USA"
"149","3761 N Clark St, Chicago, IL 60613, USA"
"150","1600-1608 W Wrightwood Ave, Chicago, IL 60614, USA"
"151","2341 S Damen Ave, Chicago, IL 60608, USA"
"152","101-161 E 14th St, Chicago, IL 60605, USA"
"153","498 W Harrison St, Chicago, IL 60607, USA"
"154","1769-1799 S Clinton St, Chicago, IL 60616, USA"
"155","1121 W Cullerton St, Chicago, IL 60608, USA"
"156","19 E Cedar St, Chicago, IL 60611, USA"
"157","803-807 N Mies Van Der Rohe Way, Chicago, IL 60611, USA"
"158","2-44 N Canal St, Chicago, IL 60606, USA"
"159","733 S Wells St, Chicago, IL 60607, USA"
"160","1123 N Clark St, Chicago, IL 60610, USA"
"161","2-72 W Fullerton Pkwy, Chicago, IL 60614, USA"
"162","12 W 19th St, Chicago, IL 60616, USA"
"163","411 E Oakwood Blvd, Chicago, IL 60653, USA"
"164","49-69 E Banks St, Chicago, IL 60610, USA"
"165","111-141 W Illinois St, Chicago, IL 60654, USA"
"166","1129 N Wells St, Chicago, IL 60610, USA"
"167","1006 N Damen Ave, Chicago, IL 60622, USA"
"168","2-8 W 35th St, Chicago, IL 60609, USA"
"169","2514 W Armitage Ave, Chicago, IL 60647, USA"
"170","1233 W Race Ave, Chicago, IL 60642, USA"
"171","2400-2406 N Greenview Ave, Chicago, IL 60614, USA"
"172","1403 W Wrightwood Ave, Chicago, IL 60614, USA"
"173","41-99 S Canal St, Chicago, IL 60661, USA"
"174","501-517 W Adams St, Chicago, IL 60661, USA"
"175","2900-2940 S State St, Chicago, IL 60616, USA"
"176","32-38 E Wacker Pl, Chicago, IL 60601, USA"
"177","Blue Cross Blue Shield Tower, 300 E Randolph St, Chicago, IL 60601, USA"
"178","201 E Illinois St, Chicago, IL 60611, USA"
"179","70 E Madison St, Chicago, IL 60602, USA"
"180","832 W Madison St, Chicago, IL 60607, USA"
"181","16 E Grand Ave, Chicago, IL 60611, USA"
"182","4645 S King Dr, Chicago, IL 60653, USA"
"183","4000-4006 S Indiana Ave, Chicago, IL 60653, USA"
"184","773-799 W 18th St, Chicago, IL 60616, USA"
"185","2344-2398 W 21st St, Chicago, IL 60608, USA"
"186","316 E Garfield Blvd, Chicago, IL 60637, USA"
"187","1700 W 18th St, Chicago, IL 60608, USA"
"188","2524 S Archer Ave, Chicago, IL 60608, USA"
"189","730-798 W 28th St, Chicago, IL, USA"
"190","2105 S Ashland Ave, Chicago, IL 60608, USA"
"191","2300 S Normal Ave, Chicago, IL 60616, USA"
"192","1600 W Division St, Chicago, IL 60622, USA"
"193","661 N St Clair St, Chicago, IL 60611, USA"
"194","553-599 N Orleans St, Chicago, IL 60654, USA"
"195","1547 N Leavitt St, Chicago, IL 60622, USA"
"196","517-529 N Damen Ave, Chicago, IL 60622, USA"
"197","1900-1948 W Madison St, Chicago, IL 60612, USA"
"198","2810-2828 W Division St, Chicago, IL 60622, USA"
"199","300-316 N Racine Ave, Chicago, IL 60607, USA"
"200","1831 Melody Ct, Chicago, IL 60616, USA"
"201","1930 W Cortland St, Chicago, IL 60622, USA"
"202","2753-2799 N Hampden Ct, Chicago, IL 60614, USA"
"203","2146 N Milwaukee Ave, Chicago, IL 60647, USA"
"204","1136 W Armitage Ave, Chicago, IL 60614, USA"
"205","807 W Willow St, Chicago, IL 60614, USA"
"206","807 W Dickens Ave, Chicago, IL 60614, USA"
"207","3151 N Racine Ave, Chicago, IL 60657, USA"
"208","3637-3647 N Southport Ave, Chicago, IL 60613, USA"
"209","3234 N Damen Ave, Chicago, IL 60618, USA"
"210","3410 N Southport Ave, Chicago, IL 60657, USA"
"211","1654 W Roscoe St, Chicago, IL 60657, USA"
"212","4359 N Sheridan Rd, Chicago, IL 60613, USA"
"213","3657 N Pine Grove Ave, Chicago, IL 60613, USA"
"214","943 W Washington Blvd, Chicago, IL 60607, USA"
"215","1425 W Montrose Ave, Chicago, IL 60613, USA"
"216","1300 N Sedgwick St, Chicago, IL 60610, USA"
"217","401 E 29th St, Chicago, IL 60616, USA"
"218","3714 W Montrose Ave, Chicago, IL 60613, USA"
"219","4637 N Western Ave, Chicago, IL 60625, USA"
"220","3949 N Sheridan Rd, Chicago, IL 60613, USA"
"221","821-845 S Morgan St, Chicago, IL 60607, USA"
"222","4703 N Damen Ave, Chicago, IL 60625, USA"
"223","4454 N Leavitt St, Chicago, IL 60625, USA"
"224","4019 N Ravenswood Ave, Chicago, IL 60613, USA"
"225","726-798 W Jr Terrace, Chicago, IL 60613, USA"
"226","1501-1599 W Belle Plaine Ave, Chicago, IL 60613, USA"
"227","1765 E 55th St, Chicago, IL 60615, USA"
"228","5467-5499 S Woodlawn Ave, Chicago, IL 60615, USA"
"229","N Simonds Dr, Chicago, IL 60640, USA"
"230","1698 W Wellington Ave, Chicago, IL 60657, USA"
"231","4723 N Clarendon Ave, Chicago, IL 60640, USA"
"232","1060 E 47th St, Chicago, IL 60653, USA"
"233","4700-4798 N Clifton Ave, Chicago, IL 60640, USA"
"234","3930-3998 N Pine Grove Ave, Chicago, IL 60613, USA"
"235","1135 S Michigan Ave, Chicago, IL 60605, USA"
"236","3900 North Broadway, Chicago, IL 60613, USA"
"237","3705 N Lincoln Ave, Chicago, IL 60613, USA"
"238","2201-2299 W Logan Blvd, Chicago, IL 60647, USA"
"239","2785 W Francis Pl, Chicago, IL 60647, USA"
"240","2603 N Milwaukee Ave, Chicago, IL 60647, USA"
"241","1717 W Polk St, Chicago, IL 60612, USA"
"242","731-799 W 37th St, Chicago, IL 60609, USA"
"243","3154 S Rhodes Ave, Chicago, IL 60616, USA"
"244","222 East South Water Street, Chicago, IL 60601, USA"
"245","3942-3948 S Cottage Grove Ave, Chicago, IL 60653, USA"
"246","4726 S Lake Park Ave, Chicago, IL 60615, USA"
"247","1550 N Lake Shore Dr, Chicago, IL 60610, USA"
"248","1509-1527 E 75th St, Chicago, IL 60619, USA"
"249","4307 S Cottage Grove Ave, Chicago, IL 60653, USA"
"250","201-207 S Indiana Ave, Chicago, IL 60616, USA"
"251","70 E 18th St, Chicago, IL 60616, USA"
"252","1500-1598 S Racine Ave, Chicago, IL 60608, USA"
"253","1280 S Ashland Ave, Chicago, IL 60612, USA"
"254","2800 W North Ave, Chicago, IL 60647, USA"
"255","1520 W Grand Ave, Chicago, IL 60642, USA"
"256","3500-3510 S Wallace St, Chicago, IL 60609, USA"
"257","823 W 35th St, Chicago, IL 60609, USA"
"258","3100-3114 S Morgan St, Chicago, IL 60608, USA"
"259","2380 W 24th St, Chicago, IL 60612, USA"
"260","1322 S Halsted St, Chicago, IL 60607, USA"
"261","118-136 W Jackson Blvd, Chicago, IL 60604, USA"
"262","301-399 S Michigan Ave, Chicago, IL 60604, USA"
"263","401-433 N Wood St, Chicago, IL 60622, USA"
"264","200-298 W Quincy St, Chicago, IL 60606, USA"
"265","115 S Franklin St, Chicago, IL 60606, USA"
"266","1956 N Larrabee St, Chicago, IL 60614, USA"
"267","1639-1645 N Wells St, Chicago, IL 60614, USA"
"268","2156 W Palmer Ct, Chicago, IL 60647, USA"
"269","200-298 W Evergreen Ave, Chicago, IL 60610, USA"
"270","4115-4149 N Southport Ave, Chicago, IL 60613, USA"
"271","1056 W Wilson Ave, Chicago, IL 60640, USA"
"272","5301 North Broadway, Chicago, IL 60640, USA"
"273","5035-5039 North Broadway, Chicago, IL 60640, USA"
"274","624 W Belmont Ave, Chicago, IL 60634, USA"
"275","1701 W Montrose Ave, Chicago, IL 60613, USA"
"276","2001 W Belle Plaine Ave, Chicago, IL 60618, USA"
"277","728-786 W Roscoe St, Chicago, IL 60657, USA"
"278","3101 North Broadway, Chicago, IL 60657, USA"
"279","1402 N Sandburg Terrace, Chicago, IL 60610, USA"
"280","2530-2598 N Sheffield Ave, Chicago, IL 60614, USA"
"281","3504 North Broadway, Chicago, IL 60657, USA"
"282","749-799 W Waveland Ave, Chicago, IL 60613, USA"
"283","2405 W Division St, Chicago, IL 60622, USA"
"284","1000-1026 W Buena Ave, Chicago, IL 60613, USA"
"285","1400-1450 W Shakespeare Ave, Chicago, IL 60614, USA"
"286","3401-3415 N Seeley Ave, Chicago, IL 60618, USA"
"287","2003 N Leavitt St, Chicago, IL 60647, USA"
"288","2000-2018 W Charleston St, Chicago, IL 60647, USA"
"289","4801-4815 N Leavitt St, Chicago, IL 60625, USA"
"290","754 W Gordon Terrace, Chicago, IL 60613, USA"
"291","2401-2423 N Lakeview Ave, Chicago, IL 60614, USA"
"292","1770-1798 W Berteau Ave, Chicago, IL 60613, USA"
"293","1437-1455 W Wabansia Ave, Chicago, IL 60642, USA"
"294","2001-2051 W Sunnyside Ave, Chicago, IL 60625, USA"
"295","1791 W Taylor St, Chicago, IL 60612, USA"
"296","1401 IL-19, Chicago, IL 60613, USA"
"297","2801-2813 N Greenview Ave, Chicago, IL 60657, USA"
"298","737 S Loomis St, Chicago, IL 60607, USA"
"299","728 S Wabash Ave, Chicago, IL 60605, USA"
"300","1300 E 53rd St, Chicago, IL 60615, USA"
"301","4819 N Sheridan Rd, Chicago, IL 60640, USA"
"302","2695-2795 N Stockton Dr, Chicago, IL 60614, USA"
"303","1515 W Winnemac Ave, Chicago, IL 60640, USA"
"304","1500-1548 W Leland Ave, Chicago, IL 60640, USA"
"305","1007 W Webster Ave, Chicago, IL 60614, USA"
"306","5816-5858 S Ellis Ave, Chicago, IL 60637, USA"
"307","2600 N Lake Shore Dr, Chicago, IL 60614, USA"
"308","3538 N Lincoln Ave, Chicago, IL 60657, USA"
"309","819 W Blackhawk St, Chicago, IL 60642, USA"
"310","2835 N Halsted St, Chicago, IL 60657, USA"
"311","1401 N Ashland Ave, Chicago, IL 60622, USA"
"312","3200 N Lake Shore Dr, Chicago, IL 60657, USA"
"313","3441 S Calumet Ave, Chicago, IL 60616, USA"
"314","750 E 47th St, Chicago, IL 60653, USA"
"315","71 W Chicago Ave, Chicago, IL 60654, USA"
"316","1805-1809 S Calumet Ave, Chicago, IL 60616, USA"
"317","3044 S Emerald Ave, Chicago, IL 60616, USA"
"318","601-607 W Wrightwood Ave, Chicago, IL 60614, USA"
"319","Spiral Galaxy, Chicago, IL 60605, USA"
"320","801 S Wolcott Ave, Chicago, IL 60612, USA"
"321","1201-1207 W Wrightwood Ave, Chicago, IL 60614, USA"
"322","4800-4864 N Ravenswood Ave, Chicago, IL 60640, USA"
"323","1535-1545 E 56th St, Chicago, IL 60637, USA"
"324","1327-1347 W Washington Blvd, Chicago, IL 60607, USA"
"325","1546 W Grace St, Chicago, IL 60613, USA"
"326","2023 S California Ave, Chicago, IL 60608, USA"
"327","800-810 W Wrightwood Ave, Chicago, IL 60614, USA"
"328","1607 W Chicago Ave, Chicago, IL 60622, USA"
"329","785-799 E 50th Pl, Chicago, IL 60615, USA"
"330","1972 E 67th St, Chicago, IL 60649, USA"
"331","1749-1757 Touhy Ave, Chicago, IL 60626, USA"
"332","7043-7119 N Sheridan Rd, Chicago, IL 60626, USA"
"333","2336-2398 E 67th St, Chicago, IL 60649, USA"
"334","7046 S Stony Island Ave, Chicago, IL 60649, USA"
"335","601 W Division St, Chicago, IL 60610, USA"
"336","949 N Larrabee St, Chicago, IL 60610, USA"
"337","915-999 N North Branch St, Chicago, IL 60642, USA"
"338","2897 S Archer Ave, Chicago, IL 60608, USA"
"339","1200 W 35th St, Chicago, IL 60609, USA"
"340","2955-2977 S Ashland Ave, Chicago, IL 60608, USA"
"341","3511 S Wood St, Chicago, IL 60609, USA"
"342","2128 S Calumet Ave, Chicago, IL 60616, USA"
"343","3155 W Chicago Ave, Chicago, IL 60622, USA"
"344","2381-2399 W Walton St, Chicago, IL 60622, USA"
"345","445 N Sacramento Blvd, Chicago, IL 60612, USA"
"346","2429-2433 W Hubbard St, Chicago, IL 60612, USA"
"347","210 N Kedzie Ave, Chicago, IL 60612, USA"
"348","201-217 N California Ave, Chicago, IL 60612, USA"
"349","117 S Western Ave, Chicago, IL 60612, USA"
"350","2401 W Congress Pkwy, Chicago, IL 60612, USA"
"351","1620 W Harrison St, Chicago, IL 60612, USA"
"352","5049 S Halsted St, Chicago, IL 60609, USA"
"353","5444 S Princeton Ave, Chicago, IL 60609, USA"
"354","5533 S Halsted St, Chicago, IL 60621, USA"
"355","6311 S Halsted St, Chicago, IL 60621, USA"
"356","152-198 W 63rd St, Chicago, IL 60621, USA"
"357","6848 S Halsted St, Chicago, IL 60621, USA"
"358","6853 S Perry Ave, Chicago, IL 60621, USA"
"359","7100-7120 S Calumet Ave, Chicago, IL 60619, USA"
"360","850-874 S Clark St, Chicago, IL 60605, USA"
"361","2000-2028 E 76th St, Chicago, IL 60649, USA"
"362","7500-7514 S Yates Blvd, Chicago, IL 60649, USA"
"363","7500 S Saginaw Ave, Chicago, IL 60649, USA"
"364","3111 E 77th St, Chicago, IL 60649, USA"
"365","2668-2698 E 74th St, Chicago, IL 60649, USA"
"366","800-848 E 71st St, Chicago, IL 60619, USA"
"367","2724-2798 S Shields Ave, Chicago, IL 60616, USA"
"368","3024-3042 S Shields Ave, Chicago, IL 60616, USA"
"369","201-221 W 33rd St, Chicago, IL 60616, USA"
"370","181-189 W 35th St, Chicago, IL 60616, USA"
"371","700-728 E 35th St, Chicago, IL 60653, USA"
"372","3900 S State St, Chicago, IL 60609, USA"
"373","4127 S Union Ave, Chicago, IL 60609, USA"
"374","4314 S Shields Ave, Chicago, IL 60609, USA"
"375","300-314 E 43rd St, Chicago, IL 60653, USA"
"376","4724 S Halsted St, Chicago, IL 60609, USA"
"377","4640-4698 S Princeton Ave, Chicago, IL 60609, USA"
"378","4450 S Woodlawn Ave, Chicago, IL 60653, USA"
"379","900-964 S Canal St, Chicago, IL 60607, USA"
"380","5048 S Calumet Ave, Chicago, IL 60615, USA"
"381","1301-1399 E 49th St, Chicago, IL 60615, USA"
"382","1553 E Hyde Park Blvd, Chicago, IL 60615, USA"
"383","1005 E 53rd St, Chicago, IL 60615, USA"
"384","1605 E 53rd St, Chicago, IL 60615, USA"
"385","5530-5544 S Ellis Ave, Chicago, IL 60637, USA"
"386","5531 S Martin Luther King Dr, Chicago, IL 60637, USA"
"387","Morgan Dr, Chicago, IL 60637, USA"
"388","1000-1070 E 57th St, Chicago, IL 60637, USA"
"389","5554 S Hyde Park Blvd, Chicago, IL 60637, USA"
"390","1522 E 59th St, Chicago, IL 60637, USA"
"391","6031 S Ellis Ave, Chicago, IL 60637, USA"
"392","6250-6298 S Cottage Grove Ave, Chicago, IL 60637, USA"
"393","6305 S Dorchester Ave, Chicago, IL 60637, USA"
"394","6669 S Cottage Grove Ave, Chicago, IL 60637, USA"
"395","385-399 E 63rd St, Chicago, IL 60637, USA"
"396","6050 S Eberhart Ave, Chicago, IL 60637, USA"
"397","1756 W Lunt Ave, Chicago, IL 60626, USA"
"398","3143 W Harrison St, Chicago, IL 60612, USA"
"399","2318 Ogden Ave, Chicago, IL 60608, USA"
"400","3218 W Roosevelt Rd, Chicago, IL 60624, USA"
"401","2716 W Roosevelt Rd, Chicago, IL 60608, USA"
"402","1426-1498 S Washtenaw Ave, Chicago, IL 60608, USA"
"403","3601 Ogden Ave, Chicago, IL 60623, USA"
"404","3133-3199 W 21st St, Chicago, IL 60623, USA"
"405","3672-3698 W 23rd St, Chicago, IL 60623, USA"
"406","3200-3228 W 24th St, Chicago, IL 60623, USA"
"407","2745-2799 W 23rd Pl, Chicago, IL 60608, USA"
"408","3624 W 26th St, Chicago, IL 60623, USA"
"409","3045 W 26th St, Chicago, IL 60623, USA"
"410","2600 S California Ave, Chicago, IL 60608, USA"
"411","2743-2757 S Western Ave, Chicago, IL 60608, USA"
"412","1340-1354 W Morse Ave, Chicago, IL 60626, USA"
"413","6730-6798 N Damen Ave, Chicago, IL 60645, USA"
"414","1672-1698 W Columbia Ave, Chicago, IL 60626, USA"
"415","6601-6699 N Western Ave, Chicago, IL 60645, USA"
"416","1218-1242 W Loyola Ave, Chicago, IL 60626, USA"
"417","2374-2398 W Granville Ave, Chicago, IL 60659, USA"
"418","1614-1638 W Schreiber Ave, Chicago, IL 60626, USA"
"419","6211 North Broadway, Chicago, IL 60660, USA"
"420","5974-5998 N Maplewood Ave, Chicago, IL 60659, USA"
"421","W Peterson Ave, Chicago, IL 60659, USA"
"422","1574-1598 W Elmdale Ave, Chicago, IL 60660, USA"
"423","5929 North Broadway, Chicago, IL 60660, USA"
"424","W Bryn Mawr Ave, Chicago, IL 60660, USA"
"425","5600 N Clark St, Chicago, IL 60660, USA"
"426","5600 North Broadway, Chicago, IL 60660, USA"
"427","1814-1834 W Balmoral Ave, Chicago, IL 60640, USA"
"428","1485-1499 W Berwyn Ave, Chicago, IL 60640, USA"
"429","5126-5166 N Damen Ave, Chicago, IL 60625, USA"
"430","4935-4949 N Marine Dr, Chicago, IL 60640, USA"
"431","7131 N Ridge Blvd, Chicago, IL 60645, USA"
"432","2409 W Lunt Ave, Chicago, IL 60645, USA"
"433","5634-5646 N Lincoln Ave, Chicago, IL 60659, USA"
"434","5400-5500 St Louis Ave, Chicago, IL 60625, USA"
"435","3201 W Foster Ave, Chicago, IL 60625, USA"
"436","5132-5198 N Francisco Ave, Chicago, IL 60625, USA"
"437","2500-2516 W Winona St, Chicago, IL 60625, USA"
"438","3305-3309 W Lawrence Ave, Chicago, IL 60625, USA"
"439","4801-4813 N Washtenaw Ave, Chicago, IL 60625, USA"
"440","3164-3198 W Leland Ave, Chicago, IL 60625, USA"
"441","4669 N Manor Ave, Chicago, IL 60625, USA"
"442","4637 N Rockwell St, Chicago, IL 60625, USA"
"443","3518-3520 W Montrose Ave, Chicago, IL 60618, USA"
"444","4350 N Albany Ave, Chicago, IL 60618, USA"
"445","2651-2657 W Montrose Ave, Chicago, IL 60618, USA"
"446","4414 N Campbell Ave, Chicago, IL 60625, USA"
"447","3986 N Avondale Ave, Chicago, IL 60641, USA"
"448","4001 N Elston Ave, Chicago, IL 60618, USA"
"449","3944 N Sawyer Ave, Chicago, IL 60618, USA"
"450","4000-4022 N Oakley Ave, Chicago, IL 60618, USA"
"451","3901 N California Ave, Chicago, IL 60618, USA"
"452","4012 W Eddy St, Chicago, IL 60641, USA"
"453","3600-3698 N Drake Ave, Chicago, IL 60618, USA"
"454","3511 N Elston Ave, Chicago, IL 60618, USA"
"455","2633-2643 W Addison St, Chicago, IL 60618, USA"
"456","3575-3599 N Leavitt St, Chicago, IL 60618, USA"
"457","2345 W Roscoe St, Chicago, IL 60618, USA"
"458","5538 N Kedzie Ave, Chicago, IL 60625, USA"
"459","4409 N Keystone Ave, Chicago, IL 60630, USA"
"460","3200-3232 N Avers Ave, Chicago, IL 60618, USA"
"461","3302 W Belmont Ave, Chicago, IL 60618, USA"
"462","2805 W Fletcher St, Chicago, IL 60618, USA"
"463","2700 N Avers Ave, Chicago, IL 60647, USA"
"464","3001-3013 N Elbridge Ave, Chicago, IL 60618, USA"
"465","2925 W Diversey Ave, Chicago, IL 60647, USA"
"466","2801-2817 W Altgeld St, Chicago, IL 60647, USA"
"467","2352 N Drake Ave, Chicago, IL 60647, USA"
"468","2339 N Campbell Ave, Chicago, IL 60647, USA"
"469","2356-2398 N Winchester Ave, Chicago, IL 60614, USA"
"470","1950 N Spaulding Ave, Chicago, IL 60647, USA"
"471","2980-2998 W Armitage Ave, Chicago, IL 60647, USA"
"472","3555 W North Ave, Chicago, IL 60647, USA"
"473","3123 W North Ave, Chicago, IL 60612, USA"
"474","3253 W Division St, Chicago, IL 60651, USA"
"475","1809 N Albany Ave, Chicago, IL 60647, USA"
"476","7559 N Ridge Blvd, Chicago, IL 60645, USA"
"477","7575-7599 N Paulina St, Chicago, IL 60626, USA"
"478","1780-1798 W Jarvis Ave, Chicago, IL 60626, USA"
"479","226-294 N Central Park Ave, Chicago, IL 60624, USA"
"480","7440 N Wolcott Ave, Chicago, IL 60626, USA"
"481","1501 W Jarvis Ave, Chicago, IL 60626, USA"
"482","7600 N Bosworth Ave, Chicago, IL 60626, USA"
"483","7705-7719 N Eastlake Terrace, Chicago, IL 60626, USA"
"484","5962 W Chicago Ave, Chicago, IL 60651, USA"
"485","1401-1409 Touhy Ave, Chicago, IL 60626, USA"
"486","2314 Touhy Ave, Chicago, IL 60645, USA"
"487","7553 N Western Ave, Chicago, IL 60645, USA"
"488","4011-4015 W Lake St, Chicago, IL 60624, USA"
"489","4800 W Lake St, Chicago, IL 60644, USA"
"490","5200-5214 W Kinzie St, Chicago, IL 60644, USA"
"491","5601-5611 W Lake St, Chicago, IL 60644, USA"
"492","5961-5999 W Lake St, Chicago, IL 60644, USA"
"493","3573 W 5th Ave, Chicago, IL 60624, USA"
"494","4018 W Madison St, Chicago, IL 60624, USA"
"495","4000-4014 W Congress Pkwy, Chicago, IL 60624, USA"
"496","4341-4399 W Lake St, Chicago, IL 60624, USA"
"497","4600 W Madison St, Chicago, IL 60644, USA"
"498","4900 W Flournoy St, Chicago, IL 60644, USA"
"499","4801-4815 W Quincy St, Chicago, IL 60644, USA"
"500","5213 W Madison St, Chicago, IL 60644, USA"
"501","579-599 S Central Ave, Chicago, IL 60644, USA"
"502","5485 W Madison St, Chicago, IL 60644, USA"
"503","5200-5216 W Gladys Ave, Chicago, IL 60644, USA"
"504","5933 W Madison St, Chicago, IL 60644, USA"
"505","4400 W Adams St, Chicago, IL 60624, USA"
"506","2080-2158 W Pershing Rd, Chicago, IL 60609, USA"
"507","3854 S Ashland Ave, Chicago, IL 60609, USA"
"508","3888-3898 S Morgan St, Chicago, IL 60609, USA"
"509","1631-1699 W 44th St, Chicago, IL 60609, USA"
"510","5566-5598 W Chicago Ave, Chicago, IL 60651, USA"
"511","4700-4736 S Hoyne Ave, Chicago, IL 60609, USA"
"512","4619-4699 S McDowell Ave, Chicago, IL 60609, USA"
"513","4720 S Elizabeth St, Chicago, IL 60609, USA"
"514","5100-5110 S Damen Ave, Chicago, IL 60609, USA"
"515","5001 S Ashland Ave, Chicago, IL 60609, USA"
"516","1254 W 52nd St, Chicago, IL 60609, USA"
"517","5459 S Seeley Ave, Chicago, IL 60609, USA"
"518","5527 S Ashland Ave, Chicago, IL 60636, USA"
"519","5440-5498 S Racine Ave, Chicago, IL 60609, USA"
"520","1632-1656 W 59th St, Chicago, IL 60636, USA"
"521","5932 S Damen Ave, Chicago, IL 60636, USA"
"522","1145-1199 W 61st St, Chicago, IL 60621, USA"
"523","1601-1609 W 63rd St, Chicago, IL 60636, USA"
"524","6509 S Racine Ave, Chicago, IL 60636, USA"
"525","1538 W 66th St, Chicago, IL 60636, USA"
"526","6856 S Ashland Ave, Chicago, IL 60636, USA"
"527","1120 W 69th St, Chicago, IL 60621, USA"
"528","505-513 W 72nd St, Chicago, IL 60621, USA"
"529","7420-7498 S Woodlawn Ave, Chicago, IL 60619, USA"
"530","7500-7510 S Evans Ave, Chicago, IL 60619, USA"
"531","425 E 75th St, Chicago, IL 60619, USA"
"532","7527-7553 S State St, Chicago, IL 60619, USA"
"533","7901-7923 S State St, Chicago, IL 60619, USA"
"534","7900-7914 S Vernon Ave, Chicago, IL 60619, USA"
"535","800-828 E 78th St, Chicago, IL 60619, USA"
"536","1101-1121 E 79th St, Chicago, IL 60619, USA"
"537","7914 S South Chicago Ave, Chicago, IL 60617, USA"
"538","7872-7898 S Chappel Ave, Chicago, IL 60649, USA"
"539","2420 E 79th St, Chicago, IL 60649, USA"
"540","7901-7909 S Exchange Ave, Chicago, IL 60617, USA"
"541","3001 E 83rd St, Chicago, IL 60617, USA"
"542","2448-2498 E 82nd St, Chicago, IL 60617, USA"
"543","8142 S Stony Island Ave, Chicago, IL 60617, USA"
"544","1020 E 83rd St, Chicago, IL 60619, USA"
"545","800-810 E 83rd St, Chicago, IL 60619, USA"
"546","8304 S Martin Luther King Dr, Chicago, IL 60619, USA"
"547","8300 S Wabash Ave, Chicago, IL 60619, USA"
"548","8312 S South Chicago Ave, Chicago, IL 60617, USA"
"549","4900-4914 W Cuyler Ave, Chicago, IL 60641, USA"
"550","4006 N Kilbourn Ave, Chicago, IL 60641, USA"
"551","3742 N Milwaukee Ave, Chicago, IL 60641, USA"
"552","4350 N Knox Ave, Chicago, IL 60641, USA"
"553","5845 S Halsted St, Chicago, IL 60621, USA"
"554","2301-2399 W 48th Pl, Chicago, IL 60609, USA"
"555","8672-8698 S Wabash Ave, Chicago, IL 60619, USA"
"556","1664-1698 Benson Ave, Evanston, IL 60201, USA"
"557","782-818 Chicago Ave, Evanston, IL 60202, USA"
"558","401-445 Elmwood Ave, Evanston, IL 60202, USA"
"559","1142-1148 Dodge Ave, Evanston, IL 60202, USA"
"560","1810 Church St, Evanston, IL 60201, USA"
"561","2538 Green Bay Rd, Evanston, IL 60201, USA"
"562","1022 Central St, Evanston, IL 60201, USA"
"563","1820 Chicago Ave, Evanston, IL 60201, USA"
"564","616 Noyes St, Evanston, IL 60208, USA"
"565","The Frank C. Engelhart Memorial Tower, Evanston, IL 60208, USA"
"566","950 Chicago Ave, Oak Park, IL 60302, USA"
"567","255-299 Augusta St, Oak Park, IL 60302, USA"
"568","30-62 Ontario St, Oak Park, IL 60302, USA"
"569","151-157 Forest Ave, Oak Park, IL 60301, USA"
"570","1103 South Blvd, Oak Park, IL 60302, USA"
"571","700-778 South Blvd, Oak Park, IL 60302, USA"
"572","401 Lake St, Oak Park, IL 60302, USA"
"573","474-498 Wisconsin Ave, Oak Park, IL 60302, USA"
"574","400-498 S East Ave, Oak Park, IL 60302, USA"
"575","598 S Lombard Ave, Oak Park, IL 60304, USA"
"576","828-840 S Oak Park Ave, Oak Park, IL 60304, USA"
"577","946-998 S East Ave, Oak Park, IL 60304, USA"
"578","127-199 Garfield St, Oak Park, IL 60304, USA"
"579","4015-4029 W Fullerton Ave, Chicago, IL 60639, USA"
"580","344 W Chestnut St, Chicago, IL 60610, USA"
"581","1035-1037 N California Ave, Chicago, IL 60622, USA"
